City_ID,City,Country,Date,Lat,Lng,Max Temp,Humidity,Cloudiness,Wind Speed
0,Rikitea,PF,2020-10-24 01:22:35,-23.12,-134.97,74.03,81,100,14.99
1,Dingle,PH,2020-10-24 01:22:35,11.0,122.67,75.87,92,100,10.0
2,Port Alfred,ZA,2020-10-24 01:22:35,-33.59,26.89,68.45,89,99,17.76
3,Barrow,US,2020-10-24 01:20:02,71.29,-156.79,28.4,92,90,10.29
4,Bathsheba,BB,2020-10-24 01:22:35,13.22,-59.52,84.2,70,40,24.16
5,Namatanai,PG,2020-10-24 01:21:21,-3.67,152.43,86.32,59,15,2.21
6,Albany,US,2020-10-24 01:22:35,42.6,-73.97,64.99,82,4,6.67
7,Tuktoyaktuk,CA,2020-10-24 01:22:36,69.45,-133.04,24.8,92,90,6.93
8,Norman Wells,CA,2020-10-24 01:22:36,65.28,-126.83,28.4,100,75,4.7
9,Ushuaia,AR,2020-10-24 01:22:36,-54.8,-68.3,41.0,82,75,8.05
10,Kattivakkam,IN,2020-10-24 01:22:36,13.22,80.32,78.8,83,75,9.17
11,Luderitz,NA,2020-10-24 01:22:36,-26.65,15.16,58.59,81,0,7.49
12,Ribeira Grande,PT,2020-10-24 01:22:36,38.52,-28.7,66.65,79,29,21.23
13,Kavieng,PG,2020-10-24 01:22:37,-2.57,150.8,84.61,62,84,3.98
14,Upernavik,GL,2020-10-24 01:18:06,72.79,-56.15,21.67,91,100,6.53
15,Cabo San Lucas,MX,2020-10-24 01:18:01,22.89,-109.91,86.0,58,5,10.29
16,Hobyo,SO,2020-10-24 01:22:37,5.35,48.53,81.07,77,100,11.01
17,Busselton,AU,2020-10-24 01:22:37,-33.65,115.33,61.0,55,0,4.0
18,Kapaa,US,2020-10-24 01:22:38,22.08,-159.32,82.0,78,90,10.29
19,Dezful,IR,2020-10-24 01:22:38,32.38,48.41,66.52,25,0,4.23
20,Los Llanos De Aridane,ES,2020-10-24 01:22:38,28.66,-17.92,68.0,72,40,9.17
21,Punta Arenas,CL,2020-10-24 01:19:21,-53.15,-70.92,44.6,75,75,5.82
22,Jamestown,US,2020-10-24 01:22:38,42.1,-79.24,70.0,60,75,12.75
23,Yellowknife,CA,2020-10-24 01:18:47,62.46,-114.35,23.0,73,40,6.93
24,Half Moon Bay,US,2020-10-24 01:22:38,37.46,-122.43,66.2,82,1,5.82
25,Harper,LR,2020-10-24 01:22:39,4.38,-7.72,76.87,90,79,6.69
26,Cuamba,MZ,2020-10-24 01:22:39,-14.8,36.54,70.02,62,0,1.21
27,Qaanaaq,GL,2020-10-24 01:22:39,77.48,-69.36,18.43,92,94,7.49
28,Ziarat,PK,2020-10-24 01:22:39,30.38,67.73,36.18,58,0,1.77
29,Hami,CN,2020-10-24 01:22:39,42.8,93.45,47.66,43,0,7.05
30,Mataura,NZ,2020-10-24 01:22:39,-46.19,168.86,72.0,49,99,15.99
31,Ranong,TH,2020-10-24 01:22:40,9.97,98.63,78.8,94,75,2.24
32,Ponta Do Sol,PT,2020-10-24 01:22:40,32.67,-17.1,66.2,63,40,6.93
33,Abu Samrah,SY,2020-10-24 01:22:40,35.3,37.18,65.25,28,0,5.21
34,Paita,PE,2020-10-24 01:22:40,-5.09,-81.11,62.64,85,100,11.83
35,Lebu,CL,2020-10-24 01:22:40,-37.62,-73.65,50.85,88,100,3.98
36,Kaz,RU,2020-10-24 01:22:40,52.91,87.31,32.49,97,100,0.81
37,Hobart,AU,2020-10-24 01:18:54,-42.88,147.33,61.0,62,75,12.75
38,Husavik,IS,2020-10-24 01:22:40,66.04,-17.34,41.0,80,90,6.93
39,Kodiak,US,2020-10-24 01:22:41,57.79,-152.41,46.4,93,90,18.34
40,Vaini,TO,2020-10-24 01:22:41,-21.2,-175.2,78.8,74,40,13.87
41,Chapeco,BR,2020-10-24 01:22:41,-27.1,-52.62,69.19,68,93,2.93
42,Kisesa,TZ,2020-10-24 01:22:41,-3.08,34.15,70.66,64,69,3.87
43,Sarangani,PH,2020-10-24 01:22:41,5.4,125.46,84.38,73,100,9.24
44,Kruisfontein,ZA,2020-10-24 01:22:41,-34.0,24.73,66.0,87,44,7.45
45,Mkushi,ZM,2020-10-24 01:22:41,-13.62,29.39,67.37,41,100,8.05
46,Novikovo,RU,2020-10-24 01:22:42,51.15,37.89,53.4,81,100,6.78
47,Develi,TR,2020-10-24 01:22:42,38.39,35.49,48.2,49,0,5.82
48,Amga,RU,2020-10-24 01:22:42,60.9,131.96,16.09,90,42,2.39
49,Ulety,RU,2020-10-24 01:22:42,51.36,112.48,34.54,83,0,1.28
50,North Bend,US,2020-10-24 01:22:42,43.41,-124.22,57.99,100,90,5.82
51,Oussouye,SN,2020-10-24 01:22:42,12.48,-16.55,78.8,94,40,2.24
52,San Policarpo,PH,2020-10-24 01:22:42,12.18,125.51,84.02,72,82,3.87
53,Nishihara,JP,2020-10-24 01:22:43,26.18,127.76,75.2,38,75,16.11
54,Arraial Do Cabo,BR,2020-10-24 01:22:43,-22.97,-42.03,73.4,78,40,16.11
55,Preobrazheniye,RU,2020-10-24 01:22:43,42.9,133.91,39.34,69,46,16.96
56,Kisangani,CD,2020-10-24 01:22:43,0.52,25.2,69.04,93,56,0.92
57,Stratford,US,2020-10-24 01:22:14,41.18,-73.13,62.6,88,90,6.93
58,Qeshm,IR,2020-10-24 01:22:44,26.96,56.27,71.6,26,0,6.93
59,Nadym,RU,2020-10-24 01:22:44,65.53,72.52,12.33,93,89,10.16
60,Morro Bay,US,2020-10-24 01:22:44,35.37,-120.85,64.99,87,100,1.01
61,Puerto Ayora,EC,2020-10-24 01:22:44,-0.74,-90.35,69.01,92,52,1.01
62,Marsa Matruh,EG,2020-10-24 01:22:44,31.35,27.25,64.4,77,0,3.76
63,Tilichiki,RU,2020-10-24 01:22:44,60.47,166.1,36.12,82,0,7.92
64,Pevek,RU,2020-10-24 01:22:44,69.7,170.31,26.51,93,47,8.41
65,Zhoucheng,CN,2020-10-24 01:22:44,35.91,116.31,53.01,1,0,5.93
66,Shirakawa,JP,2020-10-24 01:22:45,37.12,140.24,55.4,62,75,11.41
67,Sao Filipe,CV,2020-10-24 01:22:15,14.9,-24.5,80.31,77,83,11.99
68,Georgetown,MY,2020-10-24 01:20:18,5.41,100.34,80.6,88,20,3.8
69,Saskylakh,RU,2020-10-24 01:22:45,71.92,114.08,17.44,96,100,5.59
70,Provideniya,RU,2020-10-24 01:22:45,64.38,-173.3,34.3,88,100,11.92
71,Bokoro,TD,2020-10-24 01:22:45,12.38,17.06,83.01,16,3,6.8
72,Khatanga,RU,2020-10-24 01:22:45,71.97,102.5,13.87,97,100,11.01
73,Cape Town,ZA,2020-10-24 01:19:13,-33.93,18.42,62.01,93,90,9.17
74,Longfeng,CN,2020-10-24 01:22:46,46.55,125.12,38.57,66,0,13.06
75,Longyearbyen,SJ,2020-10-24 01:22:46,78.22,15.64,21.2,79,75,3.6
76,Hilo,US,2020-10-24 01:22:40,19.73,-155.09,87.8,55,20,11.41
77,Chuy,UY,2020-10-24 01:22:46,-33.7,-53.46,61.86,98,32,5.32
78,Tonder,DK,2020-10-24 01:22:46,54.93,8.87,53.6,93,100,10.29
79,Biysk,RU,2020-10-24 01:22:46,52.54,85.21,31.37,98,100,9.89
80,Porto Belo,BR,2020-10-24 01:22:46,-27.16,-48.55,72.0,88,75,10.29
81,Honningsvag,NO,2020-10-24 01:22:47,70.98,25.97,38.98,93,100,29.46
82,Tianpeng,CN,2020-10-24 01:22:47,30.99,103.94,66.99,1,100,1.63
83,Sarkand,KZ,2020-10-24 01:22:47,45.41,79.92,34.32,88,100,8.19
84,Hambantota,LK,2020-10-24 01:18:40,6.12,81.12,75.2,100,20,6.93
85,Jaguaruana,BR,2020-10-24 01:22:47,-4.83,-37.78,78.62,75,14,8.25
86,New Norfolk,AU,2020-10-24 01:22:47,-42.78,147.06,61.0,56,99,4.0
87,Ratnagiri,IN,2020-10-24 01:22:47,16.98,73.3,77.07,89,79,7.99
88,Turhal,TR,2020-10-24 01:22:48,40.39,36.08,44.6,56,0,0.47
89,Butaritari,KI,2020-10-24 01:22:48,3.07,172.79,81.77,73,3,12.48
90,Ha Tinh,VN,2020-10-24 01:22:48,18.33,105.9,71.26,69,100,4.61
91,Thompson,CA,2020-10-24 01:22:48,55.74,-97.86,23.0,73,75,6.93
92,Hithadhoo,MV,2020-10-24 01:22:48,-0.6,73.08,82.42,78,12,10.87
93,East London,ZA,2020-10-24 01:22:49,-33.02,27.91,69.8,76,79,7.87
94,Tynda,RU,2020-10-24 01:22:49,55.17,124.72,22.6,92,0,3.27
95,Bambous Virieux,MU,2020-10-24 01:22:49,-20.34,57.76,73.4,73,40,11.41
96,Saint-Philippe,RE,2020-10-24 01:22:49,-21.36,55.77,71.6,73,0,6.93
97,Victoria,HK,2020-10-24 01:21:23,22.29,114.16,75.0,47,100,1.99
98,Berlevag,NO,2020-10-24 01:22:50,70.86,29.09,37.65,93,100,28.97
99,Yumen,CN,2020-10-24 01:22:50,40.28,97.2,40.24,55,0,4.68
100,Toksovo,RU,2020-10-24 01:22:50,60.15,30.52,36.0,86,10,6.46
101,Cabedelo,BR,2020-10-24 01:22:50,-6.98,-34.83,75.2,94,20,5.82
102,Tuatapere,NZ,2020-10-24 01:21:03,-46.13,167.68,72.0,49,100,15.99
103,Antofagasta,CL,2020-10-24 01:22:07,-23.65,-70.4,57.2,87,90,10.29
104,Aklavik,CA,2020-10-24 01:22:50,68.22,-135.01,26.6,86,5,5.82
105,Ahipara,NZ,2020-10-24 01:22:51,-35.17,173.17,69.55,66,21,7.63
106,Dwarka,IN,2020-10-24 01:22:51,22.24,68.97,81.32,60,0,7.85
107,Abu Dhabi,AE,2020-10-24 01:19:17,24.47,54.37,80.6,61,0,4.7
108,Sambava,MG,2020-10-24 01:22:51,-14.27,50.17,70.63,82,0,10.18
109,Sao Miguel Do Araguaia,BR,2020-10-24 01:22:51,-13.28,-50.16,75.4,84,99,6.85
110,Bilma,NE,2020-10-24 01:22:51,18.69,12.92,76.3,20,0,17.29
111,Airai,TL,2020-10-24 01:22:51,-8.93,125.41,75.85,65,7,1.83
112,Nouadhibou,MR,2020-10-24 01:22:51,20.93,-17.03,73.4,69,80,16.11
113,Castro,BR,2020-10-24 01:19:14,-24.79,-50.01,61.83,96,100,8.28
114,Port Elizabeth,ZA,2020-10-24 01:22:52,-33.92,25.57,68.0,94,90,18.34
115,Mount Isa,AU,2020-10-24 01:21:02,-20.73,139.5,82.4,54,90,9.17
116,Avarua,CK,2020-10-24 01:22:52,-21.21,-159.78,77.0,69,94,16.11
117,Khash,IR,2020-10-24 01:22:52,28.22,61.22,44.56,50,0,6.02
118,Mount Gambier,AU,2020-10-24 01:22:52,-37.83,140.77,55.4,62,90,20.8
119,Ohara,JP,2020-10-24 01:22:52,35.25,140.38,66.2,72,75,6.93
120,Misratah,LY,2020-10-24 01:22:53,32.38,15.09,68.58,60,0,6.82
121,Macusani,PE,2020-10-24 01:22:53,-14.08,-70.43,40.84,80,94,2.26
122,Atuona,PF,2020-10-24 01:22:53,-9.8,-139.03,78.62,71,0,17.83
123,Severo-Kurilsk,RU,2020-10-24 01:22:53,50.68,156.12,43.56,85,100,36.13
124,Angostura,MX,2020-10-24 01:22:53,25.37,-108.18,86.0,73,0,8.01
125,Batagay,RU,2020-10-24 01:22:53,67.63,134.63,17.13,90,98,5.99
126,Olga,RU,2020-10-24 01:22:53,43.74,135.29,38.57,68,99,12.5
127,Port Moresby,PG,2020-10-24 01:22:53,-9.44,147.18,84.2,74,40,11.41
128,Mahebourg,MU,2020-10-24 01:22:54,-20.41,57.7,73.4,73,40,11.41
129,Ust-Kuyga,RU,2020-10-24 01:22:54,70.02,135.6,16.5,88,38,13.2
130,Celestun,MX,2020-10-24 01:21:08,20.87,-90.4,81.18,83,49,12.12
131,Santa Cruz,BO,2020-10-24 01:20:07,-17.8,-63.17,84.2,62,32,6.93
132,Grindavik,IS,2020-10-24 01:22:54,63.84,-22.43,41.0,80,40,12.75
133,Guiratinga,BR,2020-10-24 01:22:54,-16.35,-53.76,72.57,86,100,0.45
134,Bluff,NZ,2020-10-24 01:22:54,-46.6,168.33,72.0,49,100,15.99
135,Imeni Poliny Osipenko,RU,2020-10-24 01:22:54,52.42,136.49,35.11,92,100,33.17
136,Grand Gaube,MU,2020-10-24 01:22:54,-20.01,57.66,73.4,73,40,11.41
137,Hamilton,US,2020-10-24 01:18:29,39.18,-84.53,64.99,88,90,8.05
138,Okrika,NG,2020-10-24 01:22:55,4.74,7.08,77.0,94,40,4.05
139,Skjervoy,NO,2020-10-24 01:22:55,70.03,20.97,39.07,89,100,26.06
140,Ornskoldsvik,SE,2020-10-24 01:18:41,63.29,18.72,32.0,96,0,11.41
141,Leningradskiy,RU,2020-10-24 01:22:55,69.38,178.42,23.47,91,0,4.09
142,Amapa,BR,2020-10-24 01:22:55,1.0,-52.0,79.18,60,1,5.93
143,Souillac,MU,2020-10-24 01:22:55,-20.52,57.52,73.4,73,40,11.41
144,Dikson,RU,2020-10-24 01:22:55,73.51,80.55,23.52,92,100,13.78
145,Vila Velha,BR,2020-10-24 01:22:56,-20.33,-40.29,77.0,94,90,3.36
146,Kuusamo,FI,2020-10-24 01:22:56,65.97,29.18,23.0,92,90,6.93
147,Liling,CN,2020-10-24 01:22:56,27.67,113.5,60.8,63,0,2.24
148,Mar Del Plata,AR,2020-10-24 01:22:38,-38.0,-57.56,59.0,100,75,3.36
149,Ossipee,US,2020-10-24 01:22:56,43.69,-71.12,55.0,90,100,2.21
150,Chokurdakh,RU,2020-10-24 01:22:56,70.63,147.92,10.29,91,98,7.34
151,Praia Da Vitoria,PT,2020-10-24 01:22:56,38.73,-27.07,66.2,72,40,13.94
152,Tasiilaq,GL,2020-10-24 01:22:57,65.61,-37.64,33.8,59,100,9.17
153,Dengzhou,CN,2020-10-24 01:22:57,37.81,120.75,58.33,50,0,15.46
154,Caravelas,BR,2020-10-24 01:22:57,-17.71,-39.25,72.93,90,83,7.11
155,Pacific Grove,US,2020-10-24 01:22:57,36.62,-121.92,63.0,77,1,3.36
156,Margate,GB,2020-10-24 01:21:51,51.38,1.39,51.01,92,22,1.01
157,Kununurra,AU,2020-10-24 01:22:57,-15.77,128.73,95.0,47,68,5.82
158,Manokwari,ID,2020-10-24 01:22:57,-0.87,134.08,84.42,69,42,13.62
159,Kaniama,CD,2020-10-24 01:22:58,-7.57,24.18,67.86,93,100,0.34
160,Rundu,NA,2020-10-24 01:22:58,-17.93,19.77,72.07,25,22,8.14
161,Silver City,US,2020-10-24 01:22:58,32.77,-108.28,69.8,28,1,5.82
162,Lincoln,US,2020-10-24 01:20:01,40.8,-96.67,34.0,59,90,16.11
163,Hermanus,ZA,2020-10-24 01:22:58,-34.42,19.23,64.0,91,89,4.03
164,Lorengau,PG,2020-10-24 01:22:58,-2.02,147.27,85.73,61,90,6.04
165,Klaksvik,FO,2020-10-24 01:22:58,62.23,-6.59,44.6,93,100,8.05
166,Shitanjing,CN,2020-10-24 01:22:58,39.23,106.34,46.2,56,77,11.54
167,Ninghai,CN,2020-10-24 01:22:59,29.29,121.42,61.0,73,68,1.01
168,De Aar,ZA,2020-10-24 01:22:59,-30.65,24.01,71.24,41,100,3.83
169,Soyo,AO,2020-10-24 01:22:59,-6.13,12.37,76.71,82,100,8.99
170,Touros,BR,2020-10-24 01:18:03,-5.2,-35.46,77.0,94,75,10.29
171,Nome,US,2020-10-24 01:22:59,64.5,-165.41,33.8,86,90,14.99
172,Sikeston,US,2020-10-24 01:22:59,36.88,-89.59,48.2,87,90,10.29
173,Birin,NP,2020-10-24 01:23:00,26.89,88.07,57.87,98,5,2.82
174,Nikolskoye,RU,2020-10-24 01:23:00,59.7,30.79,37.4,86,75,8.95
175,Kahului,US,2020-10-24 01:20:52,20.89,-156.47,87.8,55,40,9.17
176,Kualakapuas,ID,2020-10-24 01:23:00,-3.01,114.39,82.4,83,20,6.93
177,Faya,SA,2020-10-24 01:23:00,18.39,42.45,55.4,30,0,4.92
178,Katsuura,JP,2020-10-24 01:23:00,35.13,140.3,69.01,48,40,11.41
179,Sembe,CG,2020-10-24 01:23:01,1.65,14.58,70.25,95,100,2.44
180,Acajutla,SV,2020-10-24 01:23:01,13.59,-89.83,73.0,100,100,5.37
181,Chimbote,PE,2020-10-24 01:23:01,-9.09,-78.58,61.79,86,67,4.68
182,Ambilobe,MG,2020-10-24 01:23:01,-13.2,49.05,68.54,76,0,5.28
183,Chahal,GT,2020-10-24 01:23:01,15.75,-89.57,75.99,86,100,1.52
184,Turukhansk,RU,2020-10-24 01:23:01,65.82,87.98,8.2,95,97,9.71
185,Sorong,ID,2020-10-24 01:23:01,-0.88,131.25,83.41,79,3,6.58
186,Cam Ranh,VN,2020-10-24 01:23:01,11.92,109.16,84.2,70,40,3.36
187,Moussoro,TD,2020-10-24 01:23:02,13.64,16.49,84.56,18,98,14.14
188,Vicente Guerrero,MX,2020-10-24 01:23:02,19.12,-98.17,59.0,33,5,10.29
189,Acapulco,MX,2020-10-24 01:18:32,16.86,-99.89,84.2,79,75,4.7
190,Aldan,RU,2020-10-24 01:23:02,58.6,125.39,26.49,95,74,1.66
191,Tenenkou,ML,2020-10-24 01:23:02,14.46,-4.92,84.72,15,76,7.52
192,Visp,CH,2020-10-24 01:20:51,46.29,7.88,53.01,89,100,2.08
193,Bac Lieu,VN,2020-10-24 01:23:02,9.29,105.72,78.24,84,100,1.81
194,Elliot Lake,CA,2020-10-24 01:23:02,46.38,-82.63,39.2,80,90,17.22
195,Koygorodok,RU,2020-10-24 01:23:03,60.45,51.0,30.15,98,100,11.18
196,Qui Nhon,VN,2020-10-24 01:22:20,13.77,109.23,75.63,73,100,5.37
197,Saint George,US,2020-10-24 01:23:03,37.1,-113.58,71.6,18,1,3.36
198,Reconquista,AR,2020-10-24 01:20:14,-29.15,-59.65,70.57,94,100,10.42
199,Mayumba,GA,2020-10-24 01:23:03,-3.43,10.66,76.59,86,100,6.87
200,Khasan,RU,2020-10-24 01:23:03,42.43,130.64,43.12,59,0,28.63
201,Igarka,RU,2020-10-24 01:23:03,67.47,86.58,11.05,96,90,5.44
202,Itaituba,BR,2020-10-24 01:23:04,-4.28,-55.98,77.92,81,24,2.46
203,Geraldton,AU,2020-10-24 01:23:04,-28.77,114.6,82.4,20,0,11.41
204,Kailua,US,2020-10-24 01:22:18,21.4,-157.74,80.01,83,90,9.19
205,Lavumisa,SZ,2020-10-24 01:23:04,-27.31,31.89,64.11,89,100,1.16
206,Zonguldak,TR,2020-10-24 01:23:04,41.25,31.83,57.49,54,0,3.96
207,Puerto Baquerizo Moreno,EC,2020-10-24 01:22:28,-0.9,-89.6,69.31,86,9,8.93
208,Sitka,US,2020-10-24 01:23:04,57.05,-135.33,41.0,27,75,4.7
209,Mareeba,AU,2020-10-24 01:23:05,-17.0,145.43,89.6,46,85,8.05
210,Alice Springs,AU,2020-10-24 01:22:51,-23.7,133.88,71.6,46,40,5.82
211,Trairi,BR,2020-10-24 01:23:05,-3.28,-39.27,79.29,81,25,11.54
212,Constitucion,CL,2020-10-24 01:21:26,-35.33,-72.42,50.29,82,0,10.25
213,Saldanha,ZA,2020-10-24 01:23:05,-33.01,17.94,60.8,82,9,4.7
214,Prince Rupert,CA,2020-10-24 01:23:05,54.32,-130.32,41.0,44,1,3.36
215,Juan Lacaze,UY,2020-10-24 01:23:05,-34.43,-57.44,63.0,93,52,11.95
216,Guerrero Negro,MX,2020-10-24 01:23:05,27.98,-114.06,68.2,76,0,13.73
217,Keffi,NG,2020-10-24 01:23:05,8.85,7.87,77.0,88,0,2.24
218,Quelimane,MZ,2020-10-24 01:23:06,-17.88,36.89,68.0,94,0,3.36
219,Shihezi,CN,2020-10-24 01:23:06,44.3,86.03,46.15,73,100,7.78
220,Ivankiv,UA,2020-10-24 01:23:06,50.94,29.89,53.6,81,100,2.24
221,Shimoda,JP,2020-10-24 01:23:06,34.67,138.95,69.8,60,20,8.05
222,Gizo,SB,2020-10-24 01:23:06,-8.1,156.84,84.31,69,95,3.91
223,Leeds,GB,2020-10-24 01:22:37,53.8,-1.55,45.0,87,0,11.41
224,Bemidji,US,2020-10-24 01:23:06,47.47,-94.88,23.0,85,40,5.82
225,Mahibadhoo,MV,2020-10-24 01:23:07,3.78,72.97,81.05,81,92,12.59
226,Pontianak,ID,2020-10-24 01:23:07,-0.03,109.33,78.87,88,100,4.25
227,Fare,PF,2020-10-24 01:23:07,-16.7,-151.02,79.95,69,100,9.17
228,Daru,PG,2020-10-24 01:23:07,-9.08,143.21,84.2,71,63,8.46
229,Gent,BE,2020-10-24 01:23:07,51.05,3.72,54.0,79,100,3.0
230,Tarko-Sale,RU,2020-10-24 01:23:07,64.92,77.78,14.22,97,95,8.77
231,Kabare,CD,2020-10-24 01:23:07,-2.47,28.82,60.33,81,100,1.88
232,Teya,RU,2020-10-24 01:23:08,60.38,92.63,23.04,96,34,3.49
233,Ndele,CF,2020-10-24 01:23:08,8.41,20.65,70.68,94,100,2.3
234,Salalah,OM,2020-10-24 01:23:08,17.02,54.09,71.6,28,0,3.36
235,Karratha,AU,2020-10-24 01:23:08,-20.74,116.85,78.94,39,0,10.78
236,Bethel,US,2020-10-24 01:23:08,41.37,-73.41,61.0,97,95,4.03
237,Strezhevoy,RU,2020-10-24 01:23:08,60.73,77.59,17.6,92,90,2.24
238,Olafsvik,IS,2020-10-24 01:23:09,64.89,-23.71,42.94,76,22,13.87
239,Torbay,CA,2020-10-24 01:23:09,47.67,-52.73,37.99,73,20,3.65
240,Vostok,RU,2020-10-24 01:23:09,46.49,135.88,26.31,100,100,12.64
241,Vanavara,RU,2020-10-24 01:23:09,60.34,102.28,31.57,94,100,10.09
242,Wattegama,LK,2020-10-24 01:23:09,6.8,81.48,75.2,100,20,6.93
243,Ilulissat,GL,2020-10-24 01:23:09,69.22,-51.1,21.2,62,95,1.12
244,Pisco,PE,2020-10-24 01:23:09,-13.7,-76.22,62.6,82,0,14.99
245,Tromso,NO,2020-10-24 01:23:09,69.65,18.96,37.4,84,75,24.16
246,Sabang,ID,2020-10-24 01:23:10,5.89,95.32,82.96,72,100,8.1
247,Krasnogorsk,RU,2020-10-24 01:23:10,55.82,37.32,51.8,81,40,13.42
248,Avera,US,2020-10-24 01:23:10,33.19,-82.53,70.0,100,75,5.1
249,College,US,2020-10-24 01:23:10,64.86,-147.8,27.0,79,75,2.75
250,Makakilo City,US,2020-10-24 01:23:10,21.35,-158.09,82.4,69,1,9.17
251,Isangel,VU,2020-10-24 01:23:10,-19.55,169.27,80.6,78,90,5.82
252,Okahandja,NA,2020-10-24 01:23:11,-21.98,16.92,75.2,27,58,2.24
253,Belyy Yar,RU,2020-10-24 01:23:11,53.6,91.39,33.8,100,75,4.47
254,Bredasdorp,ZA,2020-10-24 01:23:11,-34.53,20.04,66.2,93,62,4.7
255,Saint Anthony,US,2020-10-24 01:23:11,45.02,-93.22,35.6,59,90,9.17
256,Yar-Sale,RU,2020-10-24 01:23:11,66.83,70.83,21.24,96,100,8.7
257,Tawang,IN,2020-10-24 01:23:11,27.58,91.87,53.04,71,100,2.37
258,Jizan,SA,2020-10-24 01:23:12,17.33,42.67,80.6,78,2,0.94
259,Phalaborwa,ZA,2020-10-24 01:23:12,-23.94,31.14,66.2,82,0,6.93
260,Hovd,MN,2020-10-24 01:23:12,48.01,91.64,38.08,64,100,5.79
261,Challans,FR,2020-10-24 01:23:12,46.84,-1.87,59.0,93,90,11.41
262,Codrington,AU,2020-10-24 01:23:12,-38.27,141.97,53.65,69,69,18.63
263,Xunchang,CN,2020-10-24 01:23:12,28.45,104.72,63.72,73,100,1.05
264,Talara,PE,2020-10-24 01:23:13,-4.58,-81.27,63.1,87,62,13.18
265,Labuhan,ID,2020-10-24 01:23:13,-6.88,112.21,83.88,70,0,5.12
266,Jumla,NP,2020-10-24 01:23:13,29.27,82.18,44.06,60,0,4.63
267,Alta Floresta,BR,2020-10-24 01:23:13,-9.88,-56.09,72.16,94,100,3.83
268,La Paz,BO,2020-10-24 01:22:50,-16.5,-68.15,42.8,75,75,9.17
269,Beringovskiy,RU,2020-10-24 01:23:13,63.05,179.32,33.75,90,100,22.66
270,Moyale,KE,2020-10-24 01:23:13,3.52,39.06,69.49,77,44,10.89
271,Mlimba,TZ,2020-10-24 01:23:13,-8.8,35.82,74.07,62,25,3.31
272,Kiruna,SE,2020-10-24 01:23:14,67.86,20.23,32.0,93,36,14.99
273,Aanekoski,FI,2020-10-24 01:23:14,62.69,25.82,32.0,97,90,8.05
274,Moindou,NC,2020-10-24 01:23:14,-21.69,165.68,91.4,43,0,14.99
275,Nador,MA,2020-10-24 01:22:02,35.17,-2.93,66.2,63,0,5.82
276,Mokhsogollokh,RU,2020-10-24 01:23:14,61.47,128.92,20.03,92,95,4.43
277,Qasigiannguit,GL,2020-10-24 01:23:14,68.82,-51.19,21.2,62,93,1.12
278,Asau,RO,2020-10-24 01:23:15,46.43,26.4,54.0,100,0,2.24
279,Riyadh,SA,2020-10-24 01:22:33,24.69,46.72,60.8,31,0,2.24
280,Bay Roberts,CA,2020-10-24 01:23:15,47.6,-53.26,37.99,93,0,1.01
281,Port Hedland,AU,2020-10-24 01:23:15,-20.32,118.57,84.2,58,0,12.75
282,Coquimbo,CL,2020-10-24 01:22:07,-29.95,-71.34,53.6,87,37,3.36
283,Buala,SB,2020-10-24 01:23:15,-8.14,159.59,87.03,63,52,5.82
284,Carnarvon,AU,2020-10-24 01:23:15,-24.87,113.63,77.0,53,0,19.46
285,Bonthe,SL,2020-10-24 01:23:16,7.53,-12.51,78.55,85,87,2.82
286,Beloha,MG,2020-10-24 01:23:16,-25.17,45.05,69.46,78,100,9.04
287,Bengkulu,ID,2020-10-24 01:23:16,-3.8,102.27,77.77,86,100,3.36
288,Merauke,ID,2020-10-24 01:23:16,-8.47,140.33,86.7,63,29,4.76
289,Panji,ID,2020-10-24 01:23:16,-7.73,114.1,88.36,53,57,0.94
290,Fria,GN,2020-10-24 01:23:16,10.42,-13.58,72.05,96,1,1.74
291,Beverley,GB,2020-10-24 01:23:16,53.85,-0.42,44.01,87,64,5.82
292,Muros,ES,2020-10-24 01:23:17,42.78,-9.06,61.0,82,100,20.0
293,Yacuiba,BO,2020-10-24 01:23:17,-22.04,-63.68,79.52,49,15,2.89
294,Nsanje,MW,2020-10-24 01:23:17,-16.92,35.26,67.71,89,0,1.83
295,Ketchikan,US,2020-10-24 01:22:03,55.34,-131.65,44.6,26,1,5.82
296,Mach,PK,2020-10-24 01:23:17,29.86,67.33,58.19,32,0,11.95
297,Broome,US,2020-10-24 01:23:17,42.25,-75.83,64.99,77,20,9.17
298,Atar,MR,2020-10-24 01:18:19,20.52,-13.05,85.1,26,97,10.36
299,San Jose,US,2020-10-24 01:21:31,37.34,-121.89,68.0,63,20,11.41
300,Kismayo,SO,2020-10-24 01:23:18,-0.36,42.55,79.72,82,37,15.03
301,Aiken,US,2020-10-24 01:23:18,33.58,-81.6,70.0,82,1,3.36
302,Jalu,LY,2020-10-24 01:23:18,29.03,21.55,64.2,79,0,11.95
303,Iringa,TZ,2020-10-24 01:23:18,-7.77,35.7,58.37,86,99,6.15
304,Betanzos,ES,2020-10-24 01:23:18,43.28,-8.21,59.0,87,40,13.87
305,Rantoul,US,2020-10-24 01:23:13,40.31,-88.16,43.0,93,90,12.75
306,Haines Junction,CA,2020-10-24 01:23:19,60.75,-137.51,23.16,80,100,1.57
307,Kalmunai,LK,2020-10-24 01:23:19,7.42,81.82,78.69,79,9,6.04
308,Rawson,AR,2020-10-24 01:20:49,-43.3,-65.1,71.91,43,100,27.02
309,Talnakh,RU,2020-10-24 01:23:19,69.49,88.4,-5.8,76,40,6.71
310,Znamenskoye,RU,2020-10-24 01:23:19,57.13,73.83,23.27,91,94,8.66
311,Pontes E Lacerda,BR,2020-10-24 01:23:19,-15.23,-59.34,75.22,76,90,2.91
312,Auki,SB,2020-10-24 01:23:20,-8.77,160.7,86.2,68,17,6.62
313,Solnechnyy,RU,2020-10-24 01:23:20,50.72,136.63,33.35,93,100,18.63
314,Liyang,CN,2020-10-24 01:23:20,29.71,118.29,59.0,71,41,4.14
315,Neulengbach,AT,2020-10-24 01:23:20,48.2,15.9,52.0,99,92,4.0
316,Lerwick,GB,2020-10-24 01:23:20,60.15,-1.15,48.2,81,28,13.87
317,Kotka,FI,2020-10-24 01:23:20,60.47,26.95,30.2,92,0,5.82
318,Zhuanghe,CN,2020-10-24 01:23:21,39.7,122.99,52.23,44,0,9.8
319,Emerald,AU,2020-10-24 01:23:21,-23.53,148.17,73.4,73,100,11.41
320,Kavaratti,IN,2020-10-24 01:19:08,10.57,72.64,80.33,77,74,12.03
321,Zhuhai,CN,2020-10-24 01:23:21,22.28,113.57,73.4,56,20,16.11
322,Russell,US,2020-10-24 01:23:21,32.35,-85.2,73.4,94,1,3.22
323,Komsomolskiy,UZ,2020-10-24 01:23:21,40.43,71.72,41.0,62,100,1.48
324,Palmerston,AU,2020-10-24 01:23:21,-12.49,130.98,89.01,58,40,9.17
325,Cockburn Town,TC,2020-10-24 01:22:13,21.46,-71.14,83.05,79,100,16.13
326,Ouesso,CG,2020-10-24 01:23:22,1.61,16.05,70.84,97,100,2.68
327,Bastia,FR,2020-10-24 01:23:22,42.67,9.33,68.0,72,0,5.82
328,Portland,US,2020-10-24 01:23:17,45.52,-122.68,55.0,66,90,5.82
329,Lucapa,AO,2020-10-24 01:23:22,-8.42,20.74,65.39,94,87,2.06
330,Bosaso,SO,2020-10-24 01:23:22,11.28,49.18,78.03,57,100,3.11
331,Sao Gabriel Da Cachoeira,BR,2020-10-24 01:23:22,-0.13,-67.09,75.02,96,99,0.92
332,Morondava,MG,2020-10-24 01:23:22,-20.28,44.28,75.6,80,0,2.15
333,Santiago Del Estero,AR,2020-10-24 01:19:39,-27.8,-64.26,76.12,73,69,12.37
334,Tome,CL,2020-10-24 01:23:23,-36.62,-72.95,53.6,87,20,3.36
335,Steamboat Springs,US,2020-10-24 01:22:37,40.48,-106.83,35.6,34,75,0.38
336,Samfya,ZM,2020-10-24 01:23:23,-11.36,29.56,71.53,44,22,7.54
337,Bagotville,AU,2020-10-24 01:23:23,-28.98,153.42,75.2,73,40,12.75
338,Linares,CL,2020-10-24 01:19:56,-35.85,-71.6,51.87,63,0,7.05
339,Zhangjiakou,CN,2020-10-24 01:20:15,40.81,114.88,46.47,45,0,0.65
340,Hasaki,JP,2020-10-24 01:23:23,35.73,140.83,64.0,72,75,6.93
341,Roald,NO,2020-10-24 01:23:24,62.58,6.13,42.8,56,100,16.11
342,Bara,NG,2020-10-24 01:23:24,10.37,10.73,74.46,54,100,2.77
343,Sorland,NO,2020-10-24 01:21:39,67.67,12.69,43.56,71,33,15.21
344,Qingyuan,CN,2020-10-24 01:23:24,23.7,113.03,72.0,30,0,15.66
345,Bodden Town,KY,2020-10-24 01:23:24,19.28,-81.25,78.8,94,40,13.87
346,Ugoofaaru,MV,2020-10-24 01:23:24,5.67,73.0,81.36,79,65,12.41
347,Thayetmyo,MM,2020-10-24 01:19:25,19.32,95.18,75.42,93,100,6.49
348,Alexandria,EG,2020-10-24 01:23:24,31.22,29.96,71.6,73,40,6.93
349,San Patricio,US,2020-10-24 01:21:23,28.02,-97.52,81.0,83,20,4.7
350,Deputatskiy,RU,2020-10-24 01:23:25,69.3,139.9,7.39,92,100,2.48
351,Daitari,IN,2020-10-24 01:23:25,21.1,85.75,71.53,89,35,3.09
352,Pangoa,PE,2020-10-24 01:23:25,-12.12,-73.0,73.81,68,2,3.36
353,Fez,MA,2020-10-24 01:23:25,34.04,-5.0,53.6,93,75,5.82
354,Birao,CF,2020-10-24 01:23:25,10.28,22.79,76.48,71,100,3.36
355,Port Hardy,CA,2020-10-24 01:23:25,50.7,-127.42,44.6,87,75,2.24
356,Marica,BR,2020-10-24 01:23:25,-22.92,-42.82,73.4,69,0,10.29
357,Tubuala,PA,2020-10-24 01:23:25,9.52,-79.03,78.8,94,75,3.36
358,Clyde River,CA,2020-10-24 01:23:26,70.47,-68.59,23.0,79,90,4.7
359,Mpanda,TZ,2020-10-24 01:23:26,-6.37,31.04,73.0,60,79,4.63
360,Mokshan,RU,2020-10-24 01:23:26,53.44,44.61,51.01,92,98,15.41
361,Yulara,AU,2020-10-24 01:23:26,-25.24,130.99,68.0,45,75,9.17
362,Ovalle,CL,2020-10-24 01:23:22,-30.6,-71.2,52.5,80,0,1.3
363,Norsup,VU,2020-10-24 01:23:26,-16.07,167.38,82.4,78,75,9.17
364,Nantucket,US,2020-10-24 01:19:54,41.28,-70.1,57.99,91,90,7.78
365,Seoul,KR,2020-10-24 01:19:45,37.57,126.98,46.4,36,1,13.02
366,Malindi,KE,2020-10-24 01:23:27,-3.22,40.12,78.94,83,20,14.2
367,Athens,GR,2020-10-24 01:20:53,37.98,23.72,66.0,62,0,3.56
368,Fortuna,US,2020-10-24 01:23:27,40.6,-124.16,57.0,54,1,11.41
369,Pesochnoye,RU,2020-10-24 01:23:27,58.01,39.18,47.97,86,97,11.25
370,Kaitangata,NZ,2020-10-24 01:23:27,-46.28,169.85,66.99,59,3,4.0
371,Saint-Joseph,RE,2020-10-24 01:23:27,-21.37,55.62,69.8,73,0,6.93
372,Hukuntsi,BW,2020-10-24 01:23:28,-24.0,21.75,75.7,20,0,9.55
373,Southend-On-Sea,GB,2020-10-24 01:22:40,51.54,0.71,48.99,93,0,8.05
374,Redmond,US,2020-10-24 01:20:45,47.67,-122.12,48.0,88,100,2.13
375,Zhigansk,RU,2020-10-24 01:23:28,66.77,123.37,15.71,94,0,14.61
376,Tshikapa,CD,2020-10-24 01:23:28,-6.42,20.8,70.34,92,97,1.1
377,Huilong,CN,2020-10-24 01:23:28,31.81,121.66,62.01,50,16,4.0
378,Green Valley,US,2020-10-24 01:23:28,31.85,-110.99,84.2,25,1,4.7
379,Vardo,NO,2020-10-24 01:23:29,70.37,31.11,37.47,96,100,25.28
380,Yerbogachen,RU,2020-10-24 01:23:29,61.28,108.01,26.44,98,12,5.3
381,Vera Cruz,BR,2020-10-24 01:23:29,-12.63,-41.03,72.81,61,99,8.61
382,Esperance,AU,2020-10-24 01:23:29,-33.87,121.9,60.8,72,90,6.93
383,San Matias,BO,2020-10-24 01:23:29,-16.37,-58.4,81.66,65,100,1.86
384,Mehamn,NO,2020-10-24 01:23:29,71.04,27.85,37.22,93,100,28.25
385,Mezen,RU,2020-10-24 01:23:29,65.85,44.24,26.76,98,100,9.15
386,Nagar,IN,2020-10-24 01:23:29,27.43,77.1,71.1,23,0,1.83
387,Sept-Iles,CA,2020-10-24 01:19:56,50.2,-66.38,36.0,93,90,18.34
388,Lajedo,BR,2020-10-24 01:23:30,-8.66,-36.32,66.22,97,23,8.08
389,Menongue,AO,2020-10-24 01:23:30,-14.66,17.69,68.16,51,31,3.49
390,Bom Jesus,BR,2020-10-24 01:23:30,-9.07,-44.36,81.39,42,92,3.22
391,Wajima,JP,2020-10-24 01:23:30,37.4,136.9,55.4,82,20,6.93
392,Havre-Saint-Pierre,CA,2020-10-24 01:23:30,50.23,-63.6,35.6,82,90,10.29
393,Ulladulla,AU,2020-10-24 01:23:30,-35.35,150.47,78.8,57,75,9.17
394,Kassala,SD,2020-10-24 01:23:31,15.45,36.4,82.89,42,4,3.38
395,Bairiki,KI,2020-10-24 01:23:31,1.33,172.98,86.0,66,20,9.17
396,Beira,MZ,2020-10-24 01:23:31,-19.84,34.84,71.37,84,32,0.36
397,Verkhnyaya Inta,RU,2020-10-24 01:23:31,65.98,60.31,14.05,90,0,7.25
398,Iqaluit,CA,2020-10-24 01:23:31,63.75,-68.51,28.4,79,75,2.24
399,Fredericton,CA,2020-10-24 01:23:31,45.95,-66.67,51.01,81,90,2.24
400,Bardiyah,LY,2020-10-24 01:23:32,31.76,25.09,69.62,70,4,8.99
401,Tiksi,RU,2020-10-24 01:23:32,71.69,128.87,23.54,94,36,16.62
402,Cherskiy,RU,2020-10-24 01:23:32,68.75,161.3,19.56,95,0,4.52
403,Gornopravdinsk,RU,2020-10-24 01:23:32,60.05,69.9,16.45,97,0,4.18
404,Impfondo,CG,2020-10-24 01:23:32,1.64,18.07,71.78,93,100,1.86
405,Lompoc,US,2020-10-24 01:23:32,34.64,-120.46,62.6,77,20,4.7
406,Suntar,RU,2020-10-24 01:23:33,62.14,117.63,27.23,94,46,4.92
407,Samarai,PG,2020-10-24 01:23:33,-10.62,150.67,83.21,75,70,7.81
408,Seda,LV,2020-10-24 01:23:33,57.65,25.75,45.0,97,75,3.89
409,Betafo,MG,2020-10-24 01:23:33,-19.83,46.85,55.24,78,0,4.72
410,Waddan,LY,2020-10-24 01:23:33,29.16,16.14,58.44,72,0,4.74
411,Ginda,IN,2020-10-24 01:23:33,30.69,78.49,59.0,87,0,6.24
412,Teseney,ER,2020-10-24 01:23:33,15.11,36.66,85.86,37,89,2.51
413,Henties Bay,NA,2020-10-24 01:23:34,-22.12,14.28,60.01,88,7,5.57
414,Narsaq,GL,2020-10-24 01:23:34,60.92,-46.05,28.4,74,97,3.36
415,Bako,ET,2020-10-24 01:23:34,5.78,36.57,62.76,87,59,3.53
416,Twin Falls,US,2020-10-24 01:23:34,42.35,-114.64,43.0,50,1,3.04
417,Mangai,CD,2020-10-24 01:23:34,-4.05,19.53,70.66,99,100,2.57
418,Terme,TR,2020-10-24 01:23:34,41.21,36.97,48.2,93,40,4.7
419,Tautira,PF,2020-10-24 01:23:34,-17.73,-149.15,84.0,69,75,13.87
420,Paamiut,GL,2020-10-24 01:23:34,61.99,-49.67,32.72,88,89,22.73
421,Peace River,CA,2020-10-24 01:23:35,56.25,-117.29,19.4,57,90,6.93
422,Turayf,SA,2020-10-24 01:23:35,31.67,38.66,59.0,30,0,8.05
423,Port Lincoln,AU,2020-10-24 01:21:27,-34.73,135.87,54.91,63,100,19.98
424,Venado Tuerto,AR,2020-10-24 01:23:35,-33.75,-61.97,68.0,95,0,4.0
425,Fallon,US,2020-10-24 01:23:35,39.47,-118.78,55.4,22,20,4.7
426,Pangkalanbuun,ID,2020-10-24 01:23:35,-2.68,111.62,83.14,77,41,2.75
427,Caetite,BR,2020-10-24 01:23:35,-14.07,-42.48,67.33,88,71,13.35
428,Augustow,PL,2020-10-24 01:23:36,53.84,22.98,48.92,96,100,2.1
429,Comodoro Rivadavia,AR,2020-10-24 01:23:36,-45.87,-67.5,60.8,55,0,10.11
430,Diffa,NE,2020-10-24 01:23:36,13.32,12.61,80.53,30,20,9.66
431,Wanning,CN,2020-10-24 01:23:36,18.8,110.4,71.4,73,100,17.69
432,Russkaya Polyana,UA,2020-10-24 01:23:36,49.42,31.92,56.16,67,100,3.98
433,Hargeysa,SO,2020-10-24 01:23:36,9.56,44.06,66.7,39,4,6.78
434,Palora,EC,2020-10-24 01:23:36,-1.7,-77.93,66.0,79,63,2.98
435,Laguna,US,2020-10-24 01:21:07,38.42,-121.42,73.4,35,1,6.93
436,Moses Lake,US,2020-10-24 01:23:37,47.13,-119.28,41.0,75,90,11.41
437,Mandalgovi,MN,2020-10-24 01:23:37,45.76,106.27,38.19,58,100,4.76
438,Treinta Y Tres,UY,2020-10-24 01:23:37,-33.23,-54.38,65.14,97,100,7.49
439,Charters Towers,AU,2020-10-24 01:23:37,-20.1,146.27,77.31,62,40,17.96
440,Valparaiso,CL,2020-10-24 01:21:41,-33.04,-71.63,50.0,93,20,3.36
441,Northam,GB,2020-10-24 01:23:38,51.03,-4.22,50.0,89,100,10.0
442,Waingapu,ID,2020-10-24 01:23:38,-9.66,120.26,85.86,59,14,5.01
443,Lagoa,PT,2020-10-24 01:23:38,39.05,-27.98,66.74,81,23,24.74
444,Anta,IN,2020-10-24 01:23:38,25.15,76.3,71.64,37,0,2.84
445,Candolim,IN,2020-10-24 01:23:38,15.52,73.76,75.2,94,75,2.24
446,Manaure,CO,2020-10-24 01:23:39,11.78,-72.44,84.61,73,100,14.79
447,Ixtapa,MX,2020-10-24 01:23:39,20.7,-105.2,86.0,74,75,4.7
448,Sao Joao Da Barra,BR,2020-10-24 01:23:39,-21.64,-41.05,73.11,80,100,13.91
449,Meshchovsk,RU,2020-10-24 01:23:39,54.32,35.28,46.94,94,3,10.54
450,General Roca,AR,2020-10-24 01:23:39,-39.03,-67.58,75.2,50,0,5.82
451,Flin Flon,CA,2020-10-24 01:23:39,54.77,-101.86,23.11,91,100,8.37
452,Beyneu,KZ,2020-10-24 01:23:39,45.32,55.2,40.8,68,33,12.64
453,Arman,RU,2020-10-24 01:23:40,59.7,150.17,39.31,83,100,3.62
454,Goma,CD,2020-10-24 01:23:40,-1.68,29.22,62.11,79,100,3.53
455,Biltine,TD,2020-10-24 01:23:40,14.53,20.92,78.71,17,0,8.7
456,Umm Lajj,SA,2020-10-24 01:23:40,25.02,37.27,83.3,28,0,8.5
457,Ordu,TR,2020-10-24 01:20:42,40.91,37.68,57.2,100,20,1.12
458,Gamba,GA,2020-10-24 01:23:40,-2.65,10.0,76.19,87,100,6.26
459,Pandan,PH,2020-10-24 01:23:40,14.05,124.17,86.25,66,100,1.3
460,Hualmay,PE,2020-10-24 01:23:41,-11.1,-77.61,62.42,82,88,3.31
461,Canico,PT,2020-10-24 01:23:41,32.63,-16.85,66.2,63,40,6.93
462,Da Nang,VN,2020-10-24 01:22:13,16.07,108.22,77.0,65,75,3.36
463,Plettenberg Bay,ZA,2020-10-24 01:23:41,-34.05,23.37,64.35,87,65,7.52
464,Tabas,IR,2020-10-24 01:23:41,33.6,56.92,53.92,43,0,4.05
465,Pochutla,MX,2020-10-24 01:23:41,15.74,-96.47,82.4,78,40,5.82
466,Buchanan,LR,2020-10-24 01:23:42,5.88,-10.05,77.2,88,99,6.62
467,Regina,CA,2020-10-24 01:23:42,50.45,-104.62,23.0,53,90,5.82
468,Ancud,CL,2020-10-24 01:23:42,-41.87,-73.82,51.01,100,90,8.05
469,Maragogi,BR,2020-10-24 01:23:42,-9.01,-35.22,76.37,86,0,9.44
470,Medea,DZ,2020-10-24 01:22:19,36.26,2.75,64.4,82,75,3.36
471,Kantang,TH,2020-10-24 01:23:42,7.41,99.52,82.0,100,20,2.24
472,Saulia,RO,2020-10-24 01:23:42,46.63,24.22,42.8,93,100,1.74
473,Winton,US,2020-10-24 01:23:43,37.39,-120.61,72.0,22,1,5.37
474,Loiza,PR,2020-10-24 01:23:43,18.43,-65.88,82.4,83,20,5.82
475,Severodvinsk,RU,2020-10-24 01:23:43,64.56,39.83,32.0,96,90,2.24
476,Xiaoshi,CN,2020-10-24 01:23:43,41.3,124.12,39.2,55,0,4.47
477,Madang,PG,2020-10-24 01:23:43,-5.22,145.8,88.11,58,3,2.86
478,Arlit,NE,2020-10-24 01:23:43,18.74,7.39,79.29,16,0,12.12
479,Jiayuguan,CN,2020-10-24 01:23:43,39.82,98.3,43.25,51,0,0.2
480,Kokopo,PG,2020-10-24 01:23:43,-4.35,152.26,85.1,63,13,6.98
481,Komsomolskoye,RU,2020-10-24 01:23:44,55.26,47.55,50.14,91,66,13.6
482,Mishelevka,RU,2020-10-24 01:23:44,52.86,103.17,35.11,87,21,0.89
483,Port-Cartier,CA,2020-10-24 01:19:31,50.03,-66.87,36.0,93,90,18.34
484,Remanso,BR,2020-10-24 01:23:44,-9.62,-42.08,82.45,39,0,6.06
485,Adelaide,AU,2020-10-24 01:22:30,-34.93,138.6,60.01,58,75,20.8
486,Eureka,US,2020-10-24 01:22:14,40.8,-124.16,61.0,67,2,8.01
487,Salobrena,ES,2020-10-24 01:23:44,36.74,-3.59,63.0,72,0,1.01
488,Nigde,TR,2020-10-24 01:23:45,37.83,34.75,50.2,44,5,3.42
489,Camabatela,AO,2020-10-24 01:23:45,-8.19,15.38,65.1,100,100,2.77
490,Palaikastron,GR,2020-10-24 01:23:45,35.2,26.25,70.0,71,13,8.01
491,Grand-Santi,GF,2020-10-24 01:23:45,4.25,-54.38,73.62,94,63,2.73
492,Muravlenko,RU,2020-10-24 01:23:45,63.79,74.52,10.89,96,52,7.67
493,Poso,ID,2020-10-24 01:23:45,-1.4,120.75,87.42,56,42,1.81
494,Mogadishu,SO,2020-10-24 01:23:45,2.04,45.34,80.01,84,94,16.37
495,Irbil,IQ,2020-10-24 01:23:45,36.19,44.01,59.0,28,0,1.12
496,Nuevitas,CU,2020-10-24 01:23:46,21.55,-77.26,75.2,100,99,5.82
497,Ardatov,RU,2020-10-24 01:23:46,55.24,43.1,49.26,92,50,12.48
498,Baker City,US,2020-10-24 01:23:46,44.77,-117.83,50.0,25,90,16.11
499,Kwinana,AU,2020-10-24 01:23:46,-32.25,115.77,69.8,46,0,11.41
500,Saint Peter,BB,2020-10-24 01:23:46,13.25,-59.62,84.2,70,40,24.16
501,Kaeo,NZ,2020-10-24 01:23:46,-35.1,173.78,68.43,65,27,7.4
502,Inyonga,TZ,2020-10-24 01:23:46,-6.72,32.07,70.9,53,34,3.94
503,Copiapo,CL,2020-10-24 01:23:47,-27.37,-70.33,55.4,82,0,10.29
504,Leshukonskoye,RU,2020-10-24 01:23:47,64.9,45.76,26.69,98,100,8.61
505,Wangkui,CN,2020-10-24 01:23:47,46.83,126.5,36.88,66,0,17.27
506,Martinsburg,US,2020-10-24 01:23:47,39.46,-77.96,66.99,85,0,7.36
507,Uige,AO,2020-10-24 01:23:47,-7.61,15.06,69.4,96,100,1.66
508,Palmer,US,2020-10-24 01:23:47,42.16,-72.33,63.0,82,90,4.7
509,Kalangala,UG,2020-10-24 01:23:48,-0.31,32.23,69.8,88,20,9.17
510,Adre,TD,2020-10-24 01:23:48,13.47,22.2,74.32,20,50,10.51
511,Inhambane,MZ,2020-10-24 01:23:48,-23.86,35.38,71.13,81,84,6.02
512,Chicama,PE,2020-10-24 01:23:48,-7.84,-79.15,63.43,79,96,4.56
513,Tura,IN,2020-10-24 01:23:48,25.52,90.22,70.18,99,100,4.27
514,Kindu,CD,2020-10-24 01:23:48,-2.95,25.95,67.71,91,100,0.96
515,San Cristobal,VE,2020-10-24 01:20:46,7.77,-72.22,66.49,90,90,2.01
516,Windhoek,NA,2020-10-24 01:23:49,-22.56,17.08,75.2,30,80,2.24
517,Troitsko-Pechorsk,RU,2020-10-24 01:23:49,62.71,56.2,24.42,89,100,10.36
518,Aberystwyth,GB,2020-10-24 01:23:49,52.42,-4.08,44.01,91,100,17.98
519,Mitu,CO,2020-10-24 01:20:01,1.2,-70.17,73.09,95,100,1.41
520,Jha Jha,IN,2020-10-24 01:23:49,24.77,86.37,72.39,93,18,3.44
521,Southbridge,US,2020-10-24 01:23:49,42.08,-72.03,55.99,99,86,3.83
522,Nanning,CN,2020-10-24 01:23:49,22.82,108.32,68.0,64,0,2.24
523,Yinchuan,CN,2020-10-24 01:23:50,38.47,106.27,52.65,44,48,2.01
524,Lesnoy,RU,2020-10-24 01:23:50,57.62,63.08,23.77,91,100,7.67
525,Damghan,IR,2020-10-24 01:23:50,36.17,54.35,49.12,59,0,0.4
526,Katherine,AU,2020-10-24 01:23:50,-14.47,132.27,93.2,46,19,13.87
527,Sorsk,RU,2020-10-24 01:23:50,54.0,90.25,31.33,94,100,4.47
528,Orito,CO,2020-10-24 01:23:50,0.68,-76.88,73.26,79,100,4.45
529,Belance,PH,2020-10-24 01:23:51,16.18,121.25,73.9,89,100,2.13
530,Rodrigues Alves,BR,2020-10-24 01:23:51,-7.74,-72.65,75.63,86,28,2.77
531,Fukue,JP,2020-10-24 01:23:51,32.69,128.84,59.0,58,75,14.99
532,Minab,IR,2020-10-24 01:23:51,27.15,57.08,71.6,26,0,6.93
533,Sumkino,RU,2020-10-24 01:23:51,58.11,68.32,22.77,94,0,4.9
534,Sao Desiderio,BR,2020-10-24 01:23:51,-12.36,-44.97,72.9,84,100,3.85
535,Burnie,AU,2020-10-24 01:23:51,-41.07,145.92,57.79,54,100,12.3
536,Waupun,US,2020-10-24 01:23:51,43.63,-88.73,37.4,80,1,3.36
537,Bograd,RU,2020-10-24 01:23:52,54.23,90.83,33.8,100,75,4.47
538,Puerto Escondido,MX,2020-10-24 01:23:52,15.85,-97.07,82.4,74,75,5.82
539,Markova,UA,2020-10-24 01:23:52,48.68,24.41,49.42,80,100,4.47
540,Faanui,PF,2020-10-24 01:23:52,-16.48,-151.75,79.12,71,100,7.58
541,Sao Joao Dos Patos,BR,2020-10-24 01:23:52,-6.5,-43.7,77.02,62,11,1.16
542,Severnyy,RU,2020-10-24 01:23:52,50.68,36.55,51.8,76,0,8.95
543,Port Blair,IN,2020-10-24 01:23:52,11.67,92.75,81.82,82,13,5.5
544,Saint Paul,US,2020-10-24 01:22:43,44.94,-93.09,35.6,64,90,10.29
545,Fereydun Kenar,IR,2020-10-24 01:23:53,36.69,52.52,64.71,77,0,4.21
546,Port Macquarie,AU,2020-10-24 01:23:53,-31.43,152.92,72.0,88,90,9.17
547,Palana,RU,2020-10-24 01:23:53,59.12,159.97,38.35,76,0,2.98
548,Fort Nelson,CA,2020-10-24 01:23:53,58.81,-122.7,24.8,41,20,4.7
549,Almenara,BR,2020-10-24 01:23:53,-16.18,-40.69,71.01,88,89,1.7
550,Mantua,IT,2020-10-24 01:21:15,45.17,10.78,57.0,96,31,1.99
551,Cidreira,BR,2020-10-24 01:23:53,-30.18,-50.21,67.95,93,100,15.35
552,Melilla,ES,2020-10-24 01:19:42,35.29,-2.94,66.2,63,0,5.82
553,Porto Empedocle,IT,2020-10-24 01:23:54,37.29,13.53,63.0,95,0,1.01
554,Jaleswar,NP,2020-10-24 01:23:54,26.65,85.8,72.1,91,0,3.02
555,Nabire,ID,2020-10-24 01:23:54,-3.37,135.48,77.7,87,98,2.93
556,Yatou,CN,2020-10-24 01:23:54,37.15,122.38,54.93,47,0,6.76
557,Hunchun,CN,2020-10-24 01:23:54,42.87,130.36,41.77,58,0,22.59
558,Kirkwall,GB,2020-10-24 01:23:54,58.98,-2.96,44.6,87,100,9.17
559,Bubaque,GW,2020-10-24 01:20:16,11.28,-15.83,83.95,73,56,6.91
560,Yamasaki,JP,2020-10-24 01:23:55,35.0,134.55,60.8,51,20,13.87
561,Zvishavane,ZW,2020-10-24 01:23:55,-20.33,30.07,65.75,64,0,2.51
562,Ostrovnoy,RU,2020-10-24 01:23:55,68.05,39.51,29.25,97,100,7.14
563,Lages,BR,2020-10-24 01:23:55,-27.82,-50.33,59.81,90,77,6.58
564,Fairbanks,US,2020-10-24 01:23:55,64.84,-147.72,27.0,85,1,2.77
565,Nanortalik,GL,2020-10-24 01:23:55,60.14,-45.24,34.14,89,100,3.38
566,Marzuq,YE,2020-10-24 01:23:55,14.4,46.47,60.49,29,4,2.89
567,Kyshtovka,RU,2020-10-24 01:23:56,56.55,76.63,26.26,93,100,12.57
568,Port-Gentil,GA,2020-10-24 01:23:56,-0.72,8.78,78.3,86,100,11.16
569,Niamey,NE,2020-10-24 01:23:56,13.51,2.11,80.6,28,0,3.36
570,Chapais,CA,2020-10-24 01:23:56,49.78,-74.85,33.8,100,90,10.29
571,Vernon,CA,2020-10-24 01:23:56,50.26,-119.27,34.0,87,90,9.17
572,Haapiti,PF,2020-10-24 01:23:56,-17.57,-149.87,84.0,69,75,13.87
573,Scarborough,GB,2020-10-24 01:23:56,54.28,-0.4,43.0,87,47,4.0
574,San Juan,AR,2020-10-24 01:23:57,-31.54,-68.54,76.14,50,0,11.63
575,Koutsouras,GR,2020-10-24 01:23:57,35.03,25.95,70.0,71,5,8.01
576,Tanuku,IN,2020-10-24 01:23:57,16.75,81.7,74.16,84,0,4.25
577,Naze,JP,2020-10-24 01:23:57,28.37,129.48,71.6,56,75,12.75
578,Goderich,CA,2020-10-24 01:23:57,43.75,-81.72,50.0,88,100,22.66
579,Ulcinj,ME,2020-10-24 01:23:57,41.93,19.22,50.0,81,0,2.24
580,Lasa,IT,2020-10-24 01:23:58,46.62,10.7,52.0,100,90,6.93
581,Lakshmeshwar,IN,2020-10-24 01:23:58,15.13,75.47,71.6,94,40,5.55
582,Manzhouli,CN,2020-10-24 01:23:30,49.6,117.43,35.08,80,0,1.66
583,Kopeysk,RU,2020-10-24 01:23:58,55.13,61.68,21.2,79,40,11.18
584,Angoram,PG,2020-10-24 01:23:06,-4.06,144.07,90.9,57,4,2.13
585,Pavlohrad,UA,2020-10-24 01:23:58,48.52,35.87,57.2,87,75,8.95
586,Vesoul,FR,2020-10-24 01:23:58,47.58,5.83,53.01,100,90,4.7
587,Pionerskiy,RU,2020-10-24 01:23:59,54.95,20.23,50.0,93,90,2.24
588,Okakarara,NA,2020-10-24 01:23:59,-20.58,17.43,67.33,26,61,5.99
589,Nioaque,BR,2020-10-24 01:23:59,-21.14,-55.83,72.81,91,61,1.03
590,Nokaneng,BW,2020-10-24 01:23:59,-19.67,22.27,74.32,27,60,10.47
591,Verkhnetulomskiy,RU,2020-10-24 01:23:59,68.61,31.8,30.2,100,75,3.53
592,Egvekinot,RU,2020-10-24 01:23:59,66.32,-179.17,24.01,94,6,8.95
